id,formatted_address,category,articles,GEOID-CO,GEOID-CT,GEOID-NH,layer,path
Delaware River Trail,"Delaware River, Warren County, New Jersey, 12770, United States of America",river,IGUKRATWKFBDRLS3ZIMCNHIXGM,"34007","10003990100","99002",line,/Users/m/Downloads/vector-data/merge/line.geojson|layername=line
Forbidden Drive,"Forbidden Drive, Roxborough, Philadelphia, Philadelphia County, Pennsylvania, 19128, United States of America",service,FC6XKSRSONBWLOLG7UV2SOUD7M,"42101","42101980100","99014",line,/Users/m/Downloads/vector-data/merge/line.geojson|layername=line
West Fisher Avenue,"West Fisher Avenue, Tabor, Philadelphia, Philadelphia County, Pennsylvania, 19141, United States",residential,"OMWCM4F2RVCH5OUADO7HRWCLJA, OMWCM4F2RVCH5OUADO7HRWCLJA","42101","42101028200","99091",line,/Users/m/Downloads/vector-data/merge/line.geojson|layername=line
Camden ' s Market Street,"South Market Street, LOMA, Wilmington, New Castle County, Delaware, 19801, United States",trunk,OQMDT7LU3BAXXKAZGOCSNSYEGQ,"10003","10003002700",,line,/Users/m/Downloads/vector-data/merge/line.geojson|layername=line
Trenton ' s Hudson Street,"Hudson Street, Trenton, Mercer County, New Jersey, 08611, United States",residential,5AXD4RN7VNFZLE5TDGQHP2YPQ4,"34021","34021000800",,line,/Users/m/Downloads/vector-data/merge/line.geojson|layername=line
Florida high,"Florida, Middle Township, Cape May County, New Jersey, 08252, United States",residential,N2MHSVIHSRE3LCTMGVLIT5UAO4,"34009","34009022102",,line,/Users/m/Downloads/vector-data/merge/line.geojson|layername=line
West Branch Avenue,"West Branch Avenue, Pine Hill, Camden County, New Jersey, 08021, United States of America",tertiary,JZSMHCMRRFH73B5E6IYQGDJ7HM,"34007","34007607801",,line,/Users/m/Downloads/vector-data/merge/line.geojson|layername=line
"Brielle , N . J .","Brielle Avenue, LaCosta Lakes, Egg Harbor Township, Atlantic County, New Jersey, 08234, United States",residential,4LJUJROLTJCERNAS4AKT45PFNA,"34001","34001011802",,line,/Users/m/Downloads/vector-data/merge/line.geojson|layername=line
Whiskey,"Whiskey Run, Springfield Township, Delaware County, Pennsylvania, 19064, United States of America",stream,U3U2NB2VRBB7HACEBNOIIOGROA,"42045","42045407801",,line,/Users/m/Downloads/vector-data/merge/line.geojson|layername=line
Chestnut,"Chestnut, Hilltown Township, Bucks County, Pennsylvania, 18962, United States",residential,"4YPTY2N4ZRBU5CSK3JI57NBAEM, 4YPTY2N4ZRBU5CSK3JI57NBAEM, 4YPTY2N4ZRBU5CSK3JI57NBAEM, 4YPTY2N4ZRBU5CSK3JI57NBAEM, 4YPTY2N4ZRBU5CSK3JI57NBAEM, 4YPTY2N4ZRBU5CSK3JI57NBAEM, 4YPTY2N4ZRBU5CSK3JI57NBAEM","42017","42017102104",,line,/Users/m/Downloads/vector-data/merge/line.geojson|layername=line
West Avenue,"West Avenue, Lower Gwynedd Township, Montgomery County, Pennsylvania, 19422, United States",residential,"GWIZSI44LNB4NNJUQQBGIKWRWE, GWIZSI44LNB4NNJUQQBGIKWRWE","42091","42091201204",,line,/Users/m/Downloads/vector-data/merge/line.geojson|layername=line
Pennsylvania Avenue,"Pennsylvania Avenue, Abington Township, Montgomery County, Pennsylvania, 19038, United States",secondary,"UJULYZTXWFG6LJCRXHXEPB5FMU, UJULYZTXWFG6LJCRXHXEPB5FMU, UJULYZTXWFG6LJCRXHXEPB5FMU, UJULYZTXWFG6LJCRXHXEPB5FMU","42091","42091201704",,line,/Users/m/Downloads/vector-data/merge/line.geojson|layername=line
Pennsylvania Turnpike,"Pennsylvania Turnpike, Uwchlan Township, Chester County, Pennsylvania, 19341, United States",motorway,"4JD347IJCBEKJEGZRESGWXGNSA, 4JD347IJCBEKJEGZRESGWXGNSA","42029","42029304403",,line,/Users/m/Downloads/vector-data/merge/line.geojson|layername=line
Caravelle Hotel,"Caravelle Lane, Exeter Township, Berks County, Pennsylvania, 19508, United States",service,LKSHXBFS3FCSPBSTNZTZRWVOVM,"42011","42011012001",,line,/Users/m/Downloads/vector-data/merge/line.geojson|layername=line
Huntington Valley,"Huntington, Franconia Township, Montgomery County, Pennsylvania, 18964, United States",residential,MK2IKH763NCQDGLRAEJMVPMXOI,"42091","42091207101",,line,/Users/m/Downloads/vector-data/merge/line.geojson|layername=line
Goose Island,"Goose Creek, Westtown Township, Chester County, Pennsylvania, 19395, United States",stream,BAPLD4JE5RAU3MREGTEFPQ7YTU,"42029","42029302902",,line,/Users/m/Downloads/vector-data/merge/line.geojson|layername=line
Ardrossan,"Ardrossan Avenue, Westtown Township, Chester County, Pennsylvania, 19382, United States",residential,N54WRXUOCZFYXCYWWHVQ5UE2KE,"42029","42029302902",,line,/Users/m/Downloads/vector-data/merge/line.geojson|layername=line
"Hazelton , Pa .","Hazelton Street, The Enclave (Williamstadt), East Norriton, East Norriton Township, Montgomery County, Pennsylvania, 19401, United States",residential,QY3ODSGNEVCXZIGNCZD3HH2LCQ,"42091","42091203303",,line,/Users/m/Downloads/vector-data/merge/line.geojson|layername=line
Harrisburg,"Harrisburg, Philadelphia, Philadelphia County, Pennsylvania, 19136, United States",neighbourhood,"CWYCC6H4M5CV5IZ2WBWXPBOIEI, CWYCC6H4M5CV5IZ2WBWXPBOIEI, CWYCC6H4M5CV5IZ2WBWXPBOIEI, CWYCC6H4M5CV5IZ2WBWXPBOIEI, CWYCC6H4M5CV5IZ2WBWXPBOIEI, CWYCC6H4M5CV5IZ2WBWXPBOIEI, CWYCC6H4M5CV5IZ2WBWXPBOIEI, CWYCC6H4M5CV5IZ2WBWXPBOIEI, CWYCC6H4M5CV5IZ2WBWXPBOIEI, CWYCC6H4M5CV5IZ2WBWXPBOIEI, CWYCC6H4M5CV5IZ2WBWXPBOIEI, CWYCC6H4M5CV5IZ2WBWXPBOIEI, EI, EI, EI, EI, EI, EI, EI, EI, EI, EI, EI, EI, EI, EI, EI, EI, EI, EI, EI, EI, EI, EI, EI, EI, EI","42101","42101034702","99030",points,/Users/m/Downloads/vector-data/merge/points.geojson|layername=points
East Germantown,"Germantown, Philadelphia, Philadelphia County, Pennsylvania, 19119:19144, United States",neighbourhood,4GMK6PYP4ZDGXNVESAYAG3AIMU,"42101","42101025200","99056",points,/Users/m/Downloads/vector-data/merge/points.geojson|layername=points
Allegheny County,"Allegheny, 3200, Kensington Avenue, Tioga Park, Philadelphia, Philadelphia County, Pennsylvania, 19124, United States",station,"FPLC52MHXZHIJBTVTRN25RKCKQ, FPLC52MHXZHIJBTVTRN25RKCKQ, FPLC52MHXZHIJBTVTRN25RKCKQ, FPLC52MHXZHIJBTVTRN25RKCKQ, FPLC52MHXZHIJBTVTRN25RKCKQ, FPLC52MHXZHIJBTVTRN25RKCKQ","42101","42101017701","99076",points,/Users/m/Downloads/vector-data/merge/points.geojson|layername=points
Tioga County,"Tioga, 3500, Kensington Avenue, Tioga Park, Philadelphia, Philadelphia County, Pennsylvania, 19124, United States",station,JTT52MQJKVFYBKMIXC7LCGZF3E,"42101","42101018800","99076",points,/Users/m/Downloads/vector-data/merge/points.geojson|layername=points
Kensington district,"Philadelphia County Assistance Office: Liberty District, 219, East Lehigh Avenue, Kensington, Philadelphia, Philadelphia County, Pennsylvania, 19125, United States of America",social_facility,W2BTIHIAQVD7XBZNFFFXHYZJFU,"42101","42101017601","99079",points,/Users/m/Downloads/vector-data/merge/points.geojson|layername=points
North Korea,"Korea House Food Truck, West Norris Street, Hartranft, Philadelphia, Philadelphia County, Pennsylvania, 19121, United States of America",fast_food,"2VIUELZXIJE7TCNS7CNQ7ATUEA, 2VIUELZXIJE7TCNS7CNQ7ATUEA, 2VIUELZXIJE7TCNS7CNQ7ATUEA, 2VIUELZXIJE7TCNS7CNQ7ATUEA, 2VIUELZXIJE7TCNS7CNQ7ATUEA, 2VIUELZXIJE7TCNS7CNQ7ATUEA, 2VIUELZXIJE7TCNS7CNQ7ATUEA","42101","42101037700","99086",points,/Users/m/Downloads/vector-data/merge/points.geojson|layername=points
South Korea,"Korea House Food Truck, West Norris Street, Hartranft, Philadelphia, Philadelphia County, Pennsylvania, 19121, United States of America",fast_food,"4RI66FN5A5B7HB6TQJ5SZIARV4, 4RI66FN5A5B7HB6TQJ5SZIARV4, 4RI66FN5A5B7HB6TQJ5SZIARV4, 4RI66FN5A5B7HB6TQJ5SZIARV4, 4RI66FN5A5B7HB6TQJ5SZIARV4, 4RI66FN5A5B7HB6TQJ5SZIARV4","42101","42101037700","99086",points,/Users/m/Downloads/vector-data/merge/points.geojson|layername=points
Korea,"Korea House Food Truck, West Norris Street, Hartranft, Philadelphia, Philadelphia County, Pennsylvania, 19121, United States of America",fast_food,"4RI66FN5A5B7HB6TQJ5SZIARV4, 4RI66FN5A5B7HB6TQJ5SZIARV4, 4RI66FN5A5B7HB6TQJ5SZIARV4","42101","42101037700","99086",points,/Users/m/Downloads/vector-data/merge/points.geojson|layername=points
Beddia,"Pizzeria Beddia, 115, East Girard Avenue, Fishtown, Philadelphia, Philadelphia County, Pennsylvania, 19125, United States",restaurant,ZCLE4UBS35BVBJMFFNBYOSL3WA,"42101","42101015800","99088",points,/Users/m/Downloads/vector-data/merge/points.geojson|layername=points
Fishtown ',"Fishtown, Philadelphia, Philadelphia County, Pennsylvania, 19125, United States",neighbourhood,NXL62DRRYFEYLAJXT2JBWT7RGE,"42101","42101015800","99088",points,/Users/m/Downloads/vector-data/merge/points.geojson|layername=points
"Fishtown ,","Fishtown, Philadelphia, Philadelphia County, Pennsylvania, 19125, United States",neighbourhood,PFO6DU2XKRBIHONANBIFZ4Z4SE,"42101","42101015800","99088",points,/Users/m/Downloads/vector-data/merge/points.geojson|layername=points
Bottle Bar East,"Bottle Bar East, Frankford Avenue, Fishtown, Philadelphia, Philadelphia County, Pennsylvania, 19125, United States",restaurant,EIVHSC52F5A7VDIAYVVYBWKUL4,"42101","42101014400","99088",points,/Users/m/Downloads/vector-data/merge/points.geojson|layername=points
Kensington neighborhood,"Applebee's, East Thompson Street, Fishtown, Philadelphia, Philadelphia County, Pennsylvania, 19125, United States",restaurant,B6QGTKTXUFCQ3GRFRFXHGAQHPI,"42101","42101037800","99088",points,/Users/m/Downloads/vector-data/merge/points.geojson|layername=points
Philadelphia ' s Fishtown neighborhood,"Applebee's, East Thompson Street, Fishtown, Philadelphia, Philadelphia County, Pennsylvania, 19125, United States",restaurant,VGIG4JK5KVBZZAKE7Z7FHN4GMU,"42101","42101037800","99088",points,/Users/m/Downloads/vector-data/merge/points.geojson|layername=points
Nicetown - Tioga,"Nicetown-Tioga, Philadelphia, Philadelphia County, Pennsylvania, 19141, United States",neighbourhood,OLL3ENKMW5HOFDIDK73TC4OBWQ,"42101","42101028000","99091",points,/Users/m/Downloads/vector-data/merge/points.geojson|layername=points
Philadelphia ' s Chinatown,"Chinatown, Philadelphia, Philadelphia County, Pennsylvania, 19107, United States",neighbourhood,"S4GZ4V2XZ5A4DAADX4KWGUZPN4, S4GZ4V2XZ5A4DAADX4KWGUZPN4","42101","42101000200","99093",points,/Users/m/Downloads/vector-data/merge/points.geojson|layername=points
Philadelphia Chinatown,"Chinatown, Philadelphia, Philadelphia County, Pennsylvania, 19107, United States",neighbourhood,UXQ5J5W3RFB7ZFVDHNNMMRQJIY,"42101","42101000200","99093",points,/Users/m/Downloads/vector-data/merge/points.geojson|layername=points
Philadelphia ' s streets,"Reading Terminal Farmers Market: 12th and Arch Streets, 51, Arch Street, Fashion District Philadelphia, Philadelphia, Philadelphia County, Pennsylvania, 19107, United States of America",farm,ZRSMY6E4QBCLPOASM3RFJZQLMM,"42101","42101000500","99095",points,/Users/m/Downloads/vector-data/merge/points.geojson|layername=points
London Grill,"London Grill, North 23rd Street, Francisville, Philadelphia, Philadelphia County, Pennsylvania, 19130, United States",restaurant,RGPBPVJDDREZND4T5TQI6GCB3E,"42101","42101013601","99097",points,/Users/m/Downloads/vector-data/merge/points.geojson|layername=points
Osteria,"Osteria, 640, North Broad Street, Poplar, Philadelphia, Philadelphia County, Pennsylvania, 19121, United States",restaurant,"VPC65AO4LRALJB2D7JMJX36JOA, VPC65AO4LRALJB2D7JMJX36JOA, VPC65AO4LRALJB2D7JMJX36JOA, VPC65AO4LRALJB2D7JMJX36JOA","42101","42101013300","99099",points,/Users/m/Downloads/vector-data/merge/points.geojson|layername=points
Philadelphia metro,"Metro Laser & CoolSculpting Medspa, 1528, Walnut Street, Rittenhouse Square, Philadelphia, Philadelphia County, Pennsylvania, 19102, United States",house,"YGB2XCR4CRH7FPODIFMSKFN5OQ, YGB2XCR4CRH7FPODIFMSKFN5OQ, YGB2XCR4CRH7FPODIFMSKFN5OQ","42101","42101000804","99101",points,/Users/m/Downloads/vector-data/merge/points.geojson|layername=points
Lithuania,"Consulate General of the Republic of Lithuania, Waverly Street, Rittenhouse Square, Philadelphia, Philadelphia County, Pennsylvania, 19146, United States",diplomatic,KH7QCFOR6JFV5NCKIILF4HC63A,"42101","42101001202","99101",points,/Users/m/Downloads/vector-data/merge/points.geojson|layername=points
Southwest Center City,"Southwest Center City, South Philadelphia, Philadelphia, Philadelphia County, Pennsylvania, 19146, United States",neighbourhood,"VKWRIXM6PVAOPASKDHGWRIPC6Y, VKWRIXM6PVAOPASKDHGWRIPC6Y, VKWRIXM6PVAOPASKDHGWRIPC6Y","42101","42101001300","99103",points,/Users/m/Downloads/vector-data/merge/points.geojson|layername=points
Queen Village,"Queen Village, South Philadelphia, Philadelphia, Philadelphia County, Pennsylvania, 19147‎, United States",neighbourhood,"NTD7FDM7LZEB7M6BL7PTZ3L2M4, NTD7FDM7LZEB7M6BL7PTZ3L2M4, NTD7FDM7LZEB7M6BL7PTZ3L2M4, NTD7FDM7LZEB7M6BL7PTZ3L2M4","42101","42101001700","99107",points,/Users/m/Downloads/vector-data/merge/points.geojson|layername=points
West Africa,"West Africa International Grocery, Woodland Avenue, Paschall, Philadelphia, Philadelphia County, Pennsylvania, 19142, United States of America",supermarket,27AMPMNRLRFSRKUKHZZDHMDE5U,"42101","42101006300","99117",points,/Users/m/Downloads/vector-data/merge/points.geojson|layername=points
West Philadelphia Ethiopian,"Debre Genet Kidus Amannuel Ethiopian Orthodox Tewahedo Church, 6825, Greenway Avenue, Paschall, Philadelphia, Philadelphia County, Pennsylvania, 19142, United States",place_of_worship,BJZCAQBSGBHVNGNTLPSWPYYJNA,"42101","42101006400","99117",points,/Users/m/Downloads/vector-data/merge/points.geojson|layername=points
"Kingsessing , West Philadelphia","Kingsessing, Philadelphia, Philadelphia County, Pennsylvania, 19142:19143, United States",neighbourhood,FC6XKSRSONBWLOLG7UV2SOUD7M,"42101","42101007101","99119",points,/Users/m/Downloads/vector-data/merge/points.geojson|layername=points
Cobbs Creek,"Cobbs Creek, Philadelphia, Philadelphia County, Pennsylvania, 19104, United States",neighbourhood,ZE7OOAWMXVCUFHCWWGUHEVDEZY,"42101","42101008302","99120",points,/Users/m/Downloads/vector-data/merge/points.geojson|layername=points
Austria,"Consulate of Austria, Pine Street, Spruce Hill, Philadelphia, Philadelphia County, Pennsylvania, 19143, United States",embassy,P44OVIHRL5HXDJCJAGEJPBZUPU,"42101","42101008702","99125",points,/Users/m/Downloads/vector-data/merge/points.geojson|layername=points
University City ',"University City, Philadelphia, Philadelphia County, Pennsylvania, 19104-2989, United States",neighbourhood,7KFCUPZCPBGYLA7TJJPHHDWKHM,"42101","42101036900","99127",points,/Users/m/Downloads/vector-data/merge/points.geojson|layername=points
Beijing,"Beijing, Spruce Street, University City, Philadelphia, Philadelphia County, Pennsylvania, 19104-1469, United States",restaurant,"VV4Q3S365ZDRDOZ4LQYDLP4AXQ, VV4Q3S365ZDRDOZ4LQYDLP4AXQ","42101","42101036900","99127",points,/Users/m/Downloads/vector-data/merge/points.geojson|layername=points
University City district,"Philadelphia Police University City District, Chestnut Street, Powelton Village, Philadelphia, Philadelphia County, Pennsylvania, 19104, United States of America",police,5TMY7G2P7JF4DJCSILDHWH4TLM,"42101","42101008802","99127",points,/Users/m/Downloads/vector-data/merge/points.geojson|layername=points
South Africa,"New Africa Center, 4243, Lancaster Avenue, Parkside, Philadelphia, Philadelphia County, Pennsylvania, 19104, United States",museum,"MD33XXPKXFFFZCDZ2RMQ5J562Q, MD33XXPKXFFFZCDZ2RMQ5J562Q, MD33XXPKXFFFZCDZ2RMQ5J562Q, MD33XXPKXFFFZCDZ2RMQ5J562Q, MD33XXPKXFFFZCDZ2RMQ5J562Q, MD33XXPKXFFFZCDZ2RMQ5J562Q","42101","42101010700","99131",points,/Users/m/Downloads/vector-data/merge/points.geojson|layername=points
West Parkside,"Parkside, Philadelphia, Philadelphia County, Pennsylvania, 19131, United States",neighbourhood,6DJ5UOE35FD5TCY2KGA3XBHBHA,"42101","42101011100","99133",points,/Users/m/Downloads/vector-data/merge/points.geojson|layername=points
West Poplar,"Poplar, Philadelphia, Philadelphia County, Pennsylvania, 19123, United States",neighbourhood,NE3L2BJ5MZECLBOO2IDJ6KIJCQ,"42101","42101013200","99142",points,/Users/m/Downloads/vector-data/merge/points.geojson|layername=points
Kensington,"Kensington, Philadelphia, Philadelphia County, Pennsylvania, 19122, United States",neighbourhood,"4G4MLQDJKRD6ZECY4HN6I6RV6U, 4G4MLQDJKRD6ZECY4HN6I6RV6U, 4G4MLQDJKRD6ZECY4HN6I6RV6U, 4G4MLQDJKRD6ZECY4HN6I6RV6U, 4G4MLQDJKRD6ZECY4HN6I6RV6U, 4G4MLQDJKRD6ZECY4HN6I6RV6U, 4G4MLQDJKRD6ZECY4HN6I6RV6U, 4G4MLQDJKRD6ZECY4HN6I6RV6U, 4G4MLQDJKRD6ZECY4HN6I6RV6U, 4G4MLQDJKRD6ZECY4HN6I6RV6U, 4G4MLQDJKRD6ZECY4HN6I6RV6U, 4G4MLQDJKRD6ZECY4HN6I6RV6U, 6U, 6U, 6U, 6U, 6U, 6U, 6U, 6U, 6U, 6U, 6U, 6U, 6U, 6U, 6U, 6U, 6U, 6U, 6U, 6U, 6U, 6U, 6U, 6U, 6U, 6U, 6U, 6U, 6U, 6U, 6U, 6U","42101","42101016100","99151",points,/Users/m/Downloads/vector-data/merge/points.geojson|layername=points
Kensington rowhouse,"Rowhouse Spirits, 2430, Frankford Avenue, Kensington, Philadelphia, Philadelphia County, Pennsylvania, 19125, United States",house,AKQOS3XBE5FU5N3OWNZLKI22O4,"42101","42101016100","99151",points,/Users/m/Downloads/vector-data/merge/points.geojson|layername=points
Dauphin County,"York-Dauphin, 2300, North Front Street, Kensington, Philadelphia, Philadelphia County, Pennsylvania, 19120, United States",station,"SLVADBIGLNHIFKHANG4X6UCJKY, SLVADBIGLNHIFKHANG4X6UCJKY, SLVADBIGLNHIFKHANG4X6UCJKY","42101","42101016100","99151",points,/Users/m/Downloads/vector-data/merge/points.geojson|layername=points
Camden County borough,"Haddon Heights Borough Hall, 625, Station Avenue, Haddon Heights, Camden County, New Jersey, 08035, United States",townhall,JZSMHCMRRFH73B5E6IYQGDJ7HM,"34007","34007605900",,points,/Users/m/Downloads/vector-data/merge/points.geojson|layername=points
West Berlin,"West Berlin, Camden County, New Jersey, 08043-4869, United States",hamlet,7QONDCGH4RCTVIWPGMUMNTUETY,"34007","34007608800",,points,/Users/m/Downloads/vector-data/merge/points.geojson|layername=points
West Park,"West Park, New Castle County, Delaware, 19707:19805, United States",hamlet,TV3R7FYY6FDNXAREWNYHIDKKZ4,"10003","10003012200",,points,/Users/m/Downloads/vector-data/merge/points.geojson|layername=points
Westmoreland County,"Westmoreland, Wilmington, New Castle County, Delaware, 19805, United States",neighbourhood,"K6ZYXNOP6RGJBJHOLBMDEJAPGM, K6ZYXNOP6RGJBJHOLBMDEJAPGM, K6ZYXNOP6RGJBJHOLBMDEJAPGM, K6ZYXNOP6RGJBJHOLBMDEJAPGM, K6ZYXNOP6RGJBJHOLBMDEJAPGM, K6ZYXNOP6RGJBJHOLBMDEJAPGM, K6ZYXNOP6RGJBJHOLBMDEJAPGM","10003","10003002400",,points,/Users/m/Downloads/vector-data/merge/points.geojson|layername=points
Westmoreland,"Westmoreland, Wilmington, New Castle County, Delaware, 19805, United States",neighbourhood,"34V7IU3EVNH3LPC2LDPJBAZXXE, 34V7IU3EVNH3LPC2LDPJBAZXXE","10003","10003002400",,points,/Users/m/Downloads/vector-data/merge/points.geojson|layername=points
Westmoreland county,"Westmoreland, Wilmington, New Castle County, Delaware, 19805, United States",neighbourhood,K6ZYXNOP6RGJBJHOLBMDEJAPGM,"10003","10003002400",,points,/Users/m/Downloads/vector-data/merge/points.geojson|layername=points
"Williamsburg , Va .","Williamsburg, New Castle County, Delaware, 19701, United States",hamlet,CH6NQ2WMZJBLLEMUTHCNLGTOOU,"10003","10003016401",,points,/Users/m/Downloads/vector-data/merge/points.geojson|layername=points
Center City law offices,"Law Offices, Lantana Drive, Lantana Square, Hockessin, Delaware, New Castle County, Delaware, 19707, United States",lawyer,JDFT6PAY5BCX5HEK4YOHD2FHUI,"10003","10003013503",,points,/Users/m/Downloads/vector-data/merge/points.geojson|layername=points
Palm Springs,"Palm Springs Manor, New Castle County, Delaware, 19714, United States",hamlet,GXU547ZKORC4DMCLLG6JZL3YAA,"10003","10003014803",,points,/Users/m/Downloads/vector-data/merge/points.geojson|layername=points
Baltimore,"Little Baltimore, New Castle County, Delaware, 19350, United States",hamlet,"3PMVOEI6R5A3PHDFF67LVYWC2Y, 3PMVOEI6R5A3PHDFF67LVYWC2Y, 3PMVOEI6R5A3PHDFF67LVYWC2Y, 3PMVOEI6R5A3PHDFF67LVYWC2Y, 3PMVOEI6R5A3PHDFF67LVYWC2Y, 3PMVOEI6R5A3PHDFF67LVYWC2Y, 3PMVOEI6R5A3PHDFF67LVYWC2Y, 3PMVOEI6R5A3PHDFF67LVYWC2Y, 3PMVOEI6R5A3PHDFF67LVYWC2Y, 3PMVOEI6R5A3PHDFF67LVYWC2Y, 3PMVOEI6R5A3PHDFF67LVYWC2Y, 3PMVOEI6R5A3PHDFF67LVYWC2Y, 2Y, 2Y, 2Y, 2Y, 2Y, 2Y","10003","10003013505",,points,/Users/m/Downloads/vector-data/merge/points.geojson|layername=points
Long Island,"The Island, New Castle County, Delaware, United States",hamlet,"P4E4NHWJQRBDFHRT3D7I3JBD64, P4E4NHWJQRBDFHRT3D7I3JBD64","10003","10003016608",,points,/Users/m/Downloads/vector-data/merge/points.geojson|layername=points
Swainton,"Swainton, Cape May County, New Jersey, United States",hamlet,KUBRSBVZUFHHRL2BDQG2QIEXUY,"34009","34009021001",,points,/Users/m/Downloads/vector-data/merge/points.geojson|layername=points
Garden States,"The Gardens, Ocean City, Cape May County, New Jersey, 08266, United States",neighbourhood,TMMG4A54D5EWVD6PMOGKTDMQ4I,"34009","34009020201",,points,/Users/m/Downloads/vector-data/merge/points.geojson|layername=points
Delaware Bay,"Delaware Bay, Unincorporated Water Area, Cape May County, New Jersey, United States",bay,"27AMPMNRLRFSRKUKHZZDHMDE5U, 27AMPMNRLRFSRKUKHZZDHMDE5U","34009","34009990100",,points,/Users/m/Downloads/vector-data/merge/points.geojson|layername=points
New Jersey beaches,"Beaches & Creme, Jackson Street, Washington Street Mall, Cape May, Cape May County, New Jersey, 08204, United States",greengrocer,XXG3MUI47BFGZNFZE3W7S6UMCQ,"34009","34009022000",,points,/Users/m/Downloads/vector-data/merge/points.geojson|layername=points
New Jersey Highlands,"North Highlands Beach, Cape May County, New Jersey, 08251, United States",hamlet,7SGEAUNZI5GVRGRBWSII37M5LE,"34009","34009021803",,points,/Users/m/Downloads/vector-data/merge/points.geojson|layername=points
West Mount,"Mount, Burlington County, New Jersey, United States",hamlet,PWTLGWYIORCKBB4IPSOUMLI44M,"34005","34005704700",,points,/Users/m/Downloads/vector-data/merge/points.geojson|layername=points
Jacksonville,"Jacksonville, Burlington County, New Jersey, United States",hamlet,"7EUUTBPKHVE5JJBT6I5CKWFQ4I, 7EUUTBPKHVE5JJBT6I5CKWFQ4I","34005","34005702400",,points,/Users/m/Downloads/vector-data/merge/points.geojson|layername=points
"Mount Laurel , Burlington County","Mount Laurel, Burlington County, New Jersey, 08053-5510, United States",town,G4BP6JEWBVHPPDLS2WATU4RZGY,"34005","34005702910",,points,/Users/m/Downloads/vector-data/merge/points.geojson|layername=points
Bordentown,"Bordentown, Burlington County, New Jersey, 08505, United States",village,"DGB5KZ2S6FBMPCA65XZTVECQEY, DGB5KZ2S6FBMPCA65XZTVECQEY, DGB5KZ2S6FBMPCA65XZTVECQEY, DGB5KZ2S6FBMPCA65XZTVECQEY","34005","34005701700",,points,/Users/m/Downloads/vector-data/merge/points.geojson|layername=points
Charleston,"Charleston, Burlington County, New Jersey, 08046, United States",hamlet,M72FWOKM5FEFJC2Y2V4J6JISZI,"34005","34005702806",,points,/Users/m/Downloads/vector-data/merge/points.geojson|layername=points
"Charleston , S . C .","Charleston, Burlington County, New Jersey, 08046, United States",hamlet,427GZQGW2NHY5J5X2RLKBAIQBE,"34005","34005702806",,points,/Users/m/Downloads/vector-data/merge/points.geojson|layername=points
New Jerusalem ' s,"New Jerusalem, Berks County, Pennsylvania, 19536, United States",hamlet,VSN4TISRIZEOBMPBH2GT2YLM3M,"42011","42011013401",,points,/Users/m/Downloads/vector-data/merge/points.geojson|layername=points
New Jerusalem,"New Jerusalem, Berks County, Pennsylvania, 19536, United States",hamlet,VSN4TISRIZEOBMPBH2GT2YLM3M,"42011","42011013401",,points,/Users/m/Downloads/vector-data/merge/points.geojson|layername=points
"Bloomsburg , Pa .","Bloomsburg, Berks County, Pennsylvania, 19533, United States",hamlet,"ADOSZ7O57FGLJDVQQ2DT2MIDWQ, ADOSZ7O57FGLJDVQQ2DT2MIDWQ","42011","42011010304",,points,/Users/m/Downloads/vector-data/merge/points.geojson|layername=points
Norway,"Norway, Chester County, Pennsylvania, 19317, United States",hamlet,"LUCUJIF2NVBMHJVANJYRFCSYVY, LUCUJIF2NVBMHJVANJYRFCSYVY","42029","42029311100",,points,/Users/m/Downloads/vector-data/merge/points.geojson|layername=points
Cameron County,"Chester, Pennsylvania, 19335, United States of America",county,5JNINMAPDRGFFPGNYTBV7U3OOY,"42029","42029303802",,points,/Users/m/Downloads/vector-data/merge/points.geojson|layername=points
Saigon,"Le Saigon, Paoli Shopping Center, Howellville, Tredyffrin Township, Chester County, Pennsylvania, 19301, United States",restaurant,LKSHXBFS3FCSPBSTNZTZRWVOVM,"42029","42029300103",,points,/Users/m/Downloads/vector-data/merge/points.geojson|layername=points
Oakland,"Oakland, Chester County, Pennsylvania, 19341 ‎, United States",hamlet,"Y6IBNTGVMZCLLCAAHNS72NOZNE, Y6IBNTGVMZCLLCAAHNS72NOZNE, Y6IBNTGVMZCLLCAAHNS72NOZNE","42029","42029302202",,points,/Users/m/Downloads/vector-data/merge/points.geojson|layername=points
"Washington Township , Gloucester County","WVSJ-AM (Washington Township), Hurffville Road, Almonesson, Gloucester County, New Jersey, 08096, United States of America",tower,UWBCJXVAQ5CPFDDAF6DU4EFZ5U,"34015","34015501103",,points,/Users/m/Downloads/vector-data/merge/points.geojson|layername=points
"Washington , D . C","C, Washington Way Apartments, Good Intent, Gloucester County, New Jersey, 08032, United States",yes,"IVBDQZPJL5GYLC3YIU6R4KVLGA, IVBDQZPJL5GYLC3YIU6R4KVLGA, IVBDQZPJL5GYLC3YIU6R4KVLGA, IVBDQZPJL5GYLC3YIU6R4KVLGA, IVBDQZPJL5GYLC3YIU6R4KVLGA, IVBDQZPJL5GYLC3YIU6R4KVLGA","34015","34015501209",,points,/Users/m/Downloads/vector-data/merge/points.geojson|layername=points
Washington D . C,"C, Washington Way Apartments, Good Intent, Gloucester County, New Jersey, 08032, United States",yes,6LDYQIWW4ZC4LIIW6PUDT25QXI,"34015","34015501209",,points,/Users/m/Downloads/vector-data/merge/points.geojson|layername=points
"Washington , D . C .","C, Washington Way Apartments, Good Intent, Gloucester County, New Jersey, 08032, United States",yes,"HNRSFNGZNJFLDL3XO53VXLFTWQ, HNRSFNGZNJFLDL3XO53VXLFTWQ, HNRSFNGZNJFLDL3XO53VXLFTWQ, HNRSFNGZNJFLDL3XO53VXLFTWQ, HNRSFNGZNJFLDL3XO53VXLFTWQ, HNRSFNGZNJFLDL3XO53VXLFTWQ, HNRSFNGZNJFLDL3XO53VXLFTWQ","34015","34015501209",,points,/Users/m/Downloads/vector-data/merge/points.geojson|layername=points
Center City ' s,"Centre City, Gloucester County, New Jersey, 08051, United States",hamlet,"H6M6TKCJ7BFAPMQJGCE3EKNZ2Q, H6M6TKCJ7BFAPMQJGCE3EKNZ2Q, H6M6TKCJ7BFAPMQJGCE3EKNZ2Q, H6M6TKCJ7BFAPMQJGCE3EKNZ2Q, H6M6TKCJ7BFAPMQJGCE3EKNZ2Q","34015","34015500701",,points,/Users/m/Downloads/vector-data/merge/points.geojson|layername=points
Center City ',"Centre City, Gloucester County, New Jersey, 08051, United States",hamlet,"52TLVR6NKFCXHO2JJBXLP2BTBQ, 52TLVR6NKFCXHO2JJBXLP2BTBQ","34015","34015500701",,points,/Users/m/Downloads/vector-data/merge/points.geojson|layername=points
Center City Northwest,"Centre City, Gloucester County, New Jersey, 08051, United States",hamlet,ETTBMWC355FO3AS33NVHSXYCEM,"34015","34015500701",,points,/Users/m/Downloads/vector-data/merge/points.geojson|layername=points
Center City campus,"Centre City, Gloucester County, New Jersey, 08051, United States",hamlet,PUC56ST3NNEJ3BN6TKSRVOU4IU,"34015","34015500701",,points,/Users/m/Downloads/vector-data/merge/points.geojson|layername=points
Italy,"New Italy, Cumberland County, New Jersey, 08361, United States",hamlet,"EQ4RSLF2JRBW3BVNF52RRF6HXI, EQ4RSLF2JRBW3BVNF52RRF6HXI, EQ4RSLF2JRBW3BVNF52RRF6HXI, EQ4RSLF2JRBW3BVNF52RRF6HXI, EQ4RSLF2JRBW3BVNF52RRF6HXI, EQ4RSLF2JRBW3BVNF52RRF6HXI, EQ4RSLF2JRBW3BVNF52RRF6HXI, EQ4RSLF2JRBW3BVNF52RRF6HXI","34011","34011041000",,points,/Users/m/Downloads/vector-data/merge/points.geojson|layername=points
Montgomery County pub,"John Henrys Pub, Cricket Avenue, Wynnewood, Lower Merion Township, Montgomery County, Pennsylvania, 19003, United States of America",bar,VKWRIXM6PVAOPASKDHGWRIPC6Y,"42091","42091205300",,points,/Users/m/Downloads/vector-data/merge/points.geojson|layername=points
Oreland,"Oreland, Montgomery County, Pennsylvania, 19075, United States",hamlet,D4TFTIC2ARDJRE7PHDBE7MKIN4,"42091","42091201407",,points,/Users/m/Downloads/vector-data/merge/points.geojson|layername=points
"Glenside , Montgomery County","Glenside, Montgomery County, Pennsylvania, 19038, United States",hamlet,GQN7BVYO45CIDLL2SGOIRNKQ3I,"42091","42091201705",,points,/Users/m/Downloads/vector-data/merge/points.geojson|layername=points
Gilbertsville,"Gilbertsville, Montgomery County, Pennsylvania, 19525, United States",hamlet,5RHAWKQNFBHGVBKWFERYTAP6KQ,"42091","42091208203",,points,/Users/m/Downloads/vector-data/merge/points.geojson|layername=points
Hollywood,"Hollywood, Montgomery County, Pennsylvania, 19046, United States",hamlet,"5TMY7G2P7JF4DJCSILDHWH4TLM, 5TMY7G2P7JF4DJCSILDHWH4TLM, 5TMY7G2P7JF4DJCSILDHWH4TLM, 5TMY7G2P7JF4DJCSILDHWH4TLM, 5TMY7G2P7JF4DJCSILDHWH4TLM, 5TMY7G2P7JF4DJCSILDHWH4TLM, 5TMY7G2P7JF4DJCSILDHWH4TLM, 5TMY7G2P7JF4DJCSILDHWH4TLM, 5TMY7G2P7JF4DJCSILDHWH4TLM","42091","42091201901",,points,/Users/m/Downloads/vector-data/merge/points.geojson|layername=points
East Hollywood,"Hollywood, Montgomery County, Pennsylvania, 19046, United States",hamlet,LGVTLK66G5HS5NKOE2Y57H2SAM,"42091","42091201901",,points,/Users/m/Downloads/vector-data/merge/points.geojson|layername=points
"East Norriton , Montgomery County","East Norriton, East Norriton Township, Montgomery County, Pennsylvania, 19401, United States",suburb,QCR3COZRPVBNBFUOGJH2LN5SCU,"42091","42091203302",,points,/Users/m/Downloads/vector-data/merge/points.geojson|layername=points
Pennsylvania House,"House, Quail Drive, New Hanover Township, Montgomery County, Pennsylvania, 19525, United States",yes,ADOSZ7O57FGLJDVQQ2DT2MIDWQ,"42091","42091208302",,points,/Users/m/Downloads/vector-data/merge/points.geojson|layername=points
Fort Washington,"Fort Washington, Montgomery County, Pennsylvania, 19034, United States",village,"A5XETIR7NRCPVF2W35IGAWUIQU, A5XETIR7NRCPVF2W35IGAWUIQU, A5XETIR7NRCPVF2W35IGAWUIQU","42091","42091201411",,points,/Users/m/Downloads/vector-data/merge/points.geojson|layername=points
Walnut Street Cafe,"Walnut Street, Garrett Road, Upper Darby, Delaware County, Pennsylvania, 19082, United States",station,7PRMCYBZ2ZEI3CDBSIHXBSZYSA,"42045","42045400402",,points,/Users/m/Downloads/vector-data/merge/points.geojson|layername=points
"Springfield , Delaware County","Springfield, Delaware County, Pennsylvania, 19064, United States",town,"HHGX4FEGUBG7TKBCFIUFCTATHA, HHGX4FEGUBG7TKBCFIUFCTATHA","42045","42045407804",,points,/Users/m/Downloads/vector-data/merge/points.geojson|layername=points
Delaware County ' s Chester Upland School District,"Chester Upland School District, 232, West 9th Street, Chester, Delaware County, Pennsylvania, 19013, United States",government,ZYQXVVIVJJA4VCU56MWBVMAMCI,"42045","42045405000",,points,/Users/m/Downloads/vector-data/merge/points.geojson|layername=points
Egypt,"Egypt, Lehigh County, Pennsylvania, 18037, United States",hamlet,"X5LBXF4KTVFXBEFGFVKAZQVVLU, X5LBXF4KTVFXBEFGFVKAZQVVLU, X5LBXF4KTVFXBEFGFVKAZQVVLU","42077","42077005601",,points,/Users/m/Downloads/vector-data/merge/points.geojson|layername=points
St Louis,"Louie's, 31st Street Southwest, Alton Park, Allentown, Lehigh County, Pennsylvania, 18103, United States of America",restaurant,LIORW5H2HZHCZB6TKAHMLTCOOM,"42077","42077001402",,points,/Users/m/Downloads/vector-data/merge/points.geojson|layername=points
Cargo City,"Quisqueya Cargo Express, Tilghman Street, 7th Street, Allentown, Lehigh County, Pennsylvania, 18102, United States",yes,3PMVOEI6R5A3PHDFF67LVYWC2Y,"42077","42077000800",,points,/Users/m/Downloads/vector-data/merge/points.geojson|layername=points
Hungary,"Hungary Hill, Washington Township, Lehigh County, Pennsylvania, 18808, United States",peak,"RMGYTPFLQ5B5PKJAN2723CQZDA, RMGYTPFLQ5B5PKJAN2723CQZDA, RMGYTPFLQ5B5PKJAN2723CQZDA","42077","42077005200",,points,/Users/m/Downloads/vector-data/merge/points.geojson|layername=points
Beverly Hills,"Beverly Hills, Upper Saucon, Lehigh County, Pennsylvania, 18036, United States",peak,74I7KZBFINE5XP5TLDHTHPSX5Q,"42077","42077006905",,points,/Users/m/Downloads/vector-data/merge/points.geojson|layername=points
Richmond,"Richmond, Northampton County, Pennsylvania, 18343, United States",hamlet,BHHOEJW7HRE63H3OEKH4KX3EV4,"42095","42095015300",,points,/Users/m/Downloads/vector-data/merge/points.geojson|layername=points
Croydon,"Croydon, Bucks County, Pennsylvania, 19021, United States",hamlet,7G23IHN3ENEY3D7CTSCYH6NBEI,"42017","42017100302",,points,/Users/m/Downloads/vector-data/merge/points.geojson|layername=points
Bucks County tavern,"Brick Tavern, Bucks County, Pennsylvania, 18935, United States",hamlet,VKWRIXM6PVAOPASKDHGWRIPC6Y,"42017","42017106402",,points,/Users/m/Downloads/vector-data/merge/points.geojson|layername=points
Samarkand,"Samarkand Steakhouse, 1135, Bustleton Pike, Lower Southampton Township, Bucks County, Pennsylvania, 19053, United States of America",restaurant,BLQM7BKXVVGR5C3XCDUACO4FUA,"42017","42017101405",,points,/Users/m/Downloads/vector-data/merge/points.geojson|layername=points
Holland,"Holland, Bucks County, Pennsylvania, 18966, United States",hamlet,NTD7FDM7LZEB7M6BL7PTZ3L2M4,"42017","42017105004",,points,/Users/m/Downloads/vector-data/merge/points.geojson|layername=points
"Holland , Pa .","Holland, Bucks County, Pennsylvania, 18966, United States",hamlet,RI7TT6LYSFG45CETNYY5R66C7A,"42017","42017105004",,points,/Users/m/Downloads/vector-data/merge/points.geojson|layername=points
"Holland , Bucks County","Holland, Bucks County, Pennsylvania, 18966, United States",hamlet,NAQSB3PKOBBNZJTVM3NY36L72A,"42017","42017105004",,points,/Users/m/Downloads/vector-data/merge/points.geojson|layername=points
"Parkland , Florida","Parkland, Bucks County, Pennsylvania, 19047, United States",hamlet,E2P7EQEONVCMBFBIEJYJZNDCJQ,"42017","42017100900",,points,/Users/m/Downloads/vector-data/merge/points.geojson|layername=points
Parkland and Parkway,"Parkland, Bucks County, Pennsylvania, 19047, United States",hamlet,CXUF7GJOEFEYTCWCCZULHSLAFY,"42017","42017100900",,points,/Users/m/Downloads/vector-data/merge/points.geojson|layername=points
"Parkland ,","Parkland, Bucks County, Pennsylvania, 19047, United States",hamlet,AAQNZ2TT5FEETOEV2LW5AJMLSE,"42017","42017100900",,points,/Users/m/Downloads/vector-data/merge/points.geojson|layername=points
Delaware Valley,"42, Pennsylvania Turnpike, Bristol Township, Bucks County, Pennsylvania, 19007, United States",motorway_junction,"A5XETIR7NRCPVF2W35IGAWUIQU, A5XETIR7NRCPVF2W35IGAWUIQU","42017","42017100303",,points,/Users/m/Downloads/vector-data/merge/points.geojson|layername=points
California,"California, Bucks County, Pennsylvania, 18955, United States",hamlet,"AFC2TRHUYVCRBJRWYQB3VJAI7E, AFC2TRHUYVCRBJRWYQB3VJAI7E, AFC2TRHUYVCRBJRWYQB3VJAI7E, AFC2TRHUYVCRBJRWYQB3VJAI7E, AFC2TRHUYVCRBJRWYQB3VJAI7E, AFC2TRHUYVCRBJRWYQB3VJAI7E, AFC2TRHUYVCRBJRWYQB3VJAI7E, AFC2TRHUYVCRBJRWYQB3VJAI7E, AFC2TRHUYVCRBJRWYQB3VJAI7E, AFC2TRHUYVCRBJRWYQB3VJAI7E, AFC2TRHUYVCRBJRWYQB3VJAI7E, AFC2TRHUYVCRBJRWYQB3VJAI7E, 7E, 7E, 7E, 7E, 7E, 7E, 7E, 7E, 7E, 7E, 7E, 7E, 7E, 7E, 7E, 7E, 7E, 7E, 7E, 7E","42017","42017106500",,points,/Users/m/Downloads/vector-data/merge/points.geojson|layername=points
California ' s,"California, Bucks County, Pennsylvania, 18955, United States",hamlet,5QYWWDGIAZDYZGS3KSVNFSECW4,"42017","42017106500",,points,/Users/m/Downloads/vector-data/merge/points.geojson|layername=points
Monroe County,"Monroe, Bucks County, Pennsylvania, 18077, United States",hamlet,"KW2IGLPCMBCDFDDNOAXAUTDJ3E, KW2IGLPCMBCDFDDNOAXAUTDJ3E","42017","42017106600",,points,/Users/m/Downloads/vector-data/merge/points.geojson|layername=points
Paris,"Paris Villa, Kent County, Delaware, 19962, United States",hamlet,"Q2WDN5JGPRBTJPBCNNMHQOA72Q, Q2WDN5JGPRBTJPBCNNMHQOA72Q, Q2WDN5JGPRBTJPBCNNMHQOA72Q, Q2WDN5JGPRBTJPBCNNMHQOA72Q, Q2WDN5JGPRBTJPBCNNMHQOA72Q, Q2WDN5JGPRBTJPBCNNMHQOA72Q, Q2WDN5JGPRBTJPBCNNMHQOA72Q, Q2WDN5JGPRBTJPBCNNMHQOA72Q","10001","10001042201",,points,/Users/m/Downloads/vector-data/merge/points.geojson|layername=points
Lawrence County,"Lawrence, Mercer County, New Jersey, 08619, United States",town,7HYIUXXZ65GXVKB6N623NE2XGY,"34021","34021003302",,points,/Users/m/Downloads/vector-data/merge/points.geojson|layername=points
West Trenton,"West Trenton, Mercer County, New Jersey, 08628, United States",hamlet,KOKVXQ37YVAZDJLWLRU4BQSEHA,"34021","34021003705",,points,/Users/m/Downloads/vector-data/merge/points.geojson|layername=points
Washington Avenue Pier,"Washington Avenue Pier, Washington Ave Green Path, Queen Village, South Philadelphia, Philadelphia, Philadelphia County, Pennsylvania, 19147‎, United States",pier,5DVMJXXLINGOVGTQ3VQ5JHJDBE,"42101","42101036600","99015",poly,/Users/m/Downloads/vector-data/merge/poly.geojson|layername=poly
North and West Philly,"North Philly Peace Park, Sharswood, Philadelphia, Philadelphia County, Pennsylvania, United States of America",park,"22TB7FXLPFCIDKOXJEH2G5C7GA, 22TB7FXLPFCIDKOXJEH2G5C7GA","42101","42101013900","99082",poly,/Users/m/Downloads/vector-data/merge/poly.geojson|layername=poly
Washington Square,"Washington Square, Society Hill, Philadelphia, Philadelphia County, Pennsylvania, United States of America",park,"NL4BBOPUMFBRTMG2XWRRKDAZAE, NL4BBOPUMFBRTMG2XWRRKDAZAE, NL4BBOPUMFBRTMG2XWRRKDAZAE, NL4BBOPUMFBRTMG2XWRRKDAZAE, NL4BBOPUMFBRTMG2XWRRKDAZAE, NL4BBOPUMFBRTMG2XWRRKDAZAE, NL4BBOPUMFBRTMG2XWRRKDAZAE","42101","42101001001","99092",poly,/Users/m/Downloads/vector-data/merge/poly.geojson|layername=poly
Washington ' s Chinatown,"Washington Square, Society Hill, Philadelphia, Philadelphia County, Pennsylvania, United States of America",park,3TNFEQWR2JGVTCA3RE3RZHPAQQ,"42101","42101001001","99092",poly,/Users/m/Downloads/vector-data/merge/poly.geojson|layername=poly
Philadelphia City Hall,"Philadelphia City Hall, 1, City Hall Walk Ways, Fashion District Philadelphia, Philadelphia, Philadelphia County, Pennsylvania, 19107, United States of America",townhall,ZBKGMSYRYFDS7OG2G7A7KUHERY,"42101","42101000500","99095",poly,/Users/m/Downloads/vector-data/merge/poly.geojson|layername=poly
Dilworth Park,"Dilworth Park, Rittenhouse Square, Philadelphia, Philadelphia County, Pennsylvania, United States",park,AZEQNSZQDFFJBMOHEM7J4UTFOE,"42101","42101000500","99095",poly,/Users/m/Downloads/vector-data/merge/poly.geojson|layername=poly
Dalian on the Park,"Dalian on the Park, North 22nd Street, Spring Garden, Philadelphia, Philadelphia County, Pennsylvania, 19130, United States",yes,SDD3NFBSZFEZ5ALSF63JT2XPNU,"42101","42101012500","99100",poly,/Users/m/Downloads/vector-data/merge/poly.geojson|layername=poly
Philadelphia ' s University City,"University City, Philadelphia, Philadelphia County, Pennsylvania, United States",footway,K4WYTXOYXZEAZL7NX3VASZYKQ4,"42101","42101036900","99127",poly,/Users/m/Downloads/vector-data/merge/poly.geojson|layername=poly
West Philadelphia ' s Carroll Park,"Carroll Park, Philadelphia, Philadelphia County, Pennsylvania, United States",park,HLCTME2YBNDC3GR6UQDZN4ET3U,"42101","42101011200","99138",poly,/Users/m/Downloads/vector-data/merge/poly.geojson|layername=poly
Harrington Park,"Harrington, Kent County, Delaware, United States",city,LF6XNQH6MZDI5KMR5KLTIWITYY,"10001","10001043000",,poly,/Users/m/Downloads/vector-data/merge/poly.geojson|layername=poly
Deptford Township,"Deptford Township High School, 575, Fox Run Road, Almonesson, Gloucester County, New Jersey, 08096, United States of America",school,QUUKGLPQNBA3DP5UKQFNE6BXBU,"34015","34015501106",,poly,/Users/m/Downloads/vector-data/merge/poly.geojson|layername=poly
Tinto,"Cafe Tinto, 3118, River Avenue, Biedman, Camden, Camden County, New Jersey, 08105, United States",bakery,"U3U2NB2VRBB7HACEBNOIIOGROA, U3U2NB2VRBB7HACEBNOIIOGROA, U3U2NB2VRBB7HACEBNOIIOGROA","34007","34007601000",,poly,/Users/m/Downloads/vector-data/merge/poly.geojson|layername=poly
Delaware County borough,"Brookhaven Borough, Brookhaven, Delaware County, Pennsylvania, United States",suburb,CL6AXN2UIJGODCAV2TZFQ4V2TM,"42045","42045406202",,poly,/Users/m/Downloads/vector-data/merge/poly.geojson|layername=poly
Old City bistro,"Bistro, 701, West Nields Street, West Chester, Chester County, Pennsylvania, 19382, United States",yes,427GZQGW2NHY5J5X2RLKBAIQBE,"42029","42029303901",,poly,/Users/m/Downloads/vector-data/merge/poly.geojson|layername=poly
"Chester , Philadelphia","Philadelphia Memorial Park, East Whiteland Township, Chester County, Pennsylvania, United States",cemetery,6MILTKVWGRG6XIH2GWVA4JUZCM,"42029","42029302101",,poly,/Users/m/Downloads/vector-data/merge/poly.geojson|layername=poly
Eastern Montgomery County,"Texas Eastern Transmission, Upper Hanover Township, Montgomery County, Pennsylvania, United States",industrial,PS3NW6TKGZEH5FSB42BREJTU3I,"42091","42091207800",,poly,/Users/m/Downloads/vector-data/merge/poly.geojson|layername=poly
Chester County town,"Town Square Plaza, North Coventry Township, Chester County, Pennsylvania, United States",retail,RO553FWWCZADDCUOS57H53D4V4,"42029","42029301402",,poly,/Users/m/Downloads/vector-data/merge/poly.geojson|layername=poly
"Blackwood , Camden County","Blackwood, North-South Freeway, Gloucester Township, Camden County, New Jersey, 08029, United States",census,5IQOOMUWSFGERIONLYLR6KNJE4,"34007",,,poly,/Users/m/Downloads/vector-data/merge/poly.geojson|layername=poly
Gateway Park,"Gateway Park, Marlton, Camden, Camden County, New Jersey, United States",park,7QONDCGH4RCTVIWPGMUMNTUETY,"34007",,,poly,/Users/m/Downloads/vector-data/merge/poly.geojson|layername=poly
Camden ' s waterfront,"Waterfront South, Camden, Camden County, New Jersey, United States",neighbourhood,XGKLL6YDM5CPHOFCXDOTZVVYUQ,"34007",,,poly,/Users/m/Downloads/vector-data/merge/poly.geojson|layername=poly
Haddon Township,"Haddon Township, Camden County, New Jersey, United States",administrative,UWBCJXVAQ5CPFDDAF6DU4EFZ5U,"34007",,,poly,/Users/m/Downloads/vector-data/merge/poly.geojson|layername=poly
Stratford,"Stratford, Camden County, New Jersey, 08084, United States",administrative,P4E4NHWJQRBDFHRT3D7I3JBD64,"34007",,,poly,/Users/m/Downloads/vector-data/merge/poly.geojson|layername=poly
Willingboro Township area,"Willingboro Township, Burlington County, New Jersey, 08046, United States",administrative,6ED5FN26BRFMZE4TNX4PVKG2W4,"34005",,,poly,/Users/m/Downloads/vector-data/merge/poly.geojson|layername=poly
Pemberton Township,"Pemberton Township, Burlington County, New Jersey, United States",administrative,ME3R6GXVWFBQ5M6UKEWIM3PGM4,"34005",,,poly,/Users/m/Downloads/vector-data/merge/poly.geojson|layername=poly
West Bradford Township,"West Bradford Township, Chester County, Pennsylvania, 19345, United States",administrative,"IN4RQB6FMJGCTJCGL7BU3GVFT4, IN4RQB6FMJGCTJCGL7BU3GVFT4","42029",,,poly,/Users/m/Downloads/vector-data/merge/poly.geojson|layername=poly
West Bradford area,"Harmony Hill Nature Area, East Bradford Township, Chester County, Pennsylvania, United States",park,RO553FWWCZADDCUOS57H53D4V4,"42029",,,poly,/Users/m/Downloads/vector-data/merge/poly.geojson|layername=poly
Upland,"Upland, Delaware County, Pennsylvania, United States",administrative,74CCDCECPNAFPIMB6VT5OKO6XU,"42045",,,poly,/Users/m/Downloads/vector-data/merge/poly.geojson|layername=poly
"Upland , Pa .","Upland, Delaware County, Pennsylvania, United States",administrative,XPCJMKONZZC2REONWS5E6RLM7U,"42045",,,poly,/Users/m/Downloads/vector-data/merge/poly.geojson|layername=poly
Atlantic City,"Atlantic City, Atlantic County, New Jersey, United States of America",city,"CJR5LLUSDRDEZGWCDRKOECN2LQ, CJR5LLUSDRDEZGWCDRKOECN2LQ, CJR5LLUSDRDEZGWCDRKOECN2LQ, CJR5LLUSDRDEZGWCDRKOECN2LQ, CJR5LLUSDRDEZGWCDRKOECN2LQ, CJR5LLUSDRDEZGWCDRKOECN2LQ, CJR5LLUSDRDEZGWCDRKOECN2LQ, CJR5LLUSDRDEZGWCDRKOECN2LQ, CJR5LLUSDRDEZGWCDRKOECN2LQ, CJR5LLUSDRDEZGWCDRKOECN2LQ, CJR5LLUSDRDEZGWCDRKOECN2LQ, CJR5LLUSDRDEZGWCDRKOECN2LQ, ���, ���, ���, ���, ���, ���, ���, ���, ���, ���, ���, ���","34001",,,poly,/Users/m/Downloads/vector-data/merge/poly.geojson|layername=poly
Absecon Island,"Absecon, Atlantic County, New Jersey, 08201, United States",city,2EYPNLZQ2ZAULLADXOHNNXOANQ,"34001",,,poly,/Users/m/Downloads/vector-data/merge/poly.geojson|layername=poly
South Inlet,"Inlet, Atlantic City, Atlantic County, New Jersey, United States",neighbourhood,P2KH2GLHGVDFLP6UXAK3E455UI,"34001",,,poly,/Users/m/Downloads/vector-data/merge/poly.geojson|layername=poly
Atlantic City ' s,"Atlantic City, Atlantic County, New Jersey, United States of America",city,P2KH2GLHGVDFLP6UXAK3E455UI,"34001",,,poly,/Users/m/Downloads/vector-data/merge/poly.geojson|layername=poly
"Lawrenceville , Ga","Lawrenceville, Overlook Way, Lawrence Township, Mercer County, New Jersey, 08648, United States",census,VFLIGHOXJ5A77KBXPYNQQDFMVE,"34021",,,poly,/Users/m/Downloads/vector-data/merge/poly.geojson|layername=poly
College of New Jersey,"The College of New Jersey, Colleen Circle, Ewing Township, Mercer County, New Jersey, 08638, United States",university,CH6NQ2WMZJBLLEMUTHCNLGTOOU,"34021",,,poly,/Users/m/Downloads/vector-data/merge/poly.geojson|layername=poly
West Philadelphia,"Philadelphia, Philadelphia County, Pennsylvania, United States of America",city,"KK6J6SLTVJFF3NUSKQ6WWB5DTY, KK6J6SLTVJFF3NUSKQ6WWB5DTY, KK6J6SLTVJFF3NUSKQ6WWB5DTY, KK6J6SLTVJFF3NUSKQ6WWB5DTY, KK6J6SLTVJFF3NUSKQ6WWB5DTY, KK6J6SLTVJFF3NUSKQ6WWB5DTY, KK6J6SLTVJFF3NUSKQ6WWB5DTY, KK6J6SLTVJFF3NUSKQ6WWB5DTY, KK6J6SLTVJFF3NUSKQ6WWB5DTY, KK6J6SLTVJFF3NUSKQ6WWB5DTY, KK6J6SLTVJFF3NUSKQ6WWB5DTY, KK6J6SLTVJFF3NUSKQ6WWB5DTY, ෻, ෻, ෻, ෻, ෻, ෻, ෻, ෻, ෻, ෻, ෻, ෻, ෻, ෻, ෻, ෻, ෻, ෻",,,,poly,/Users/m/Downloads/vector-data/merge/poly.geojson|layername=poly
Burlington County,"Burlington County, New Jersey, United States",administrative,"QI4X2NF3UBCTJBMSYFRDPTCTHU, QI4X2NF3UBCTJBMSYFRDPTCTHU, QI4X2NF3UBCTJBMSYFRDPTCTHU, QI4X2NF3UBCTJBMSYFRDPTCTHU, QI4X2NF3UBCTJBMSYFRDPTCTHU, QI4X2NF3UBCTJBMSYFRDPTCTHU, QI4X2NF3UBCTJBMSYFRDPTCTHU",,,,poly,/Users/m/Downloads/vector-data/merge/poly.geojson|layername=poly
Evesham Township,"Evesham Township, Burlington County, New Jersey, United States",administrative,T2XPPQD4MFD2FAQT7AIKIB2X4E,,,,poly,/Users/m/Downloads/vector-data/merge/poly.geojson|layername=poly
Gloucester County,"Gloucester County, New Jersey, United States of America",administrative,"VDDQFIQBVBBCHEJAR3SKHCHIXE, VDDQFIQBVBBCHEJAR3SKHCHIXE, VDDQFIQBVBBCHEJAR3SKHCHIXE, VDDQFIQBVBBCHEJAR3SKHCHIXE, VDDQFIQBVBBCHEJAR3SKHCHIXE, VDDQFIQBVBBCHEJAR3SKHCHIXE, VDDQFIQBVBBCHEJAR3SKHCHIXE, VDDQFIQBVBBCHEJAR3SKHCHIXE, VDDQFIQBVBBCHEJAR3SKHCHIXE, VDDQFIQBVBBCHEJAR3SKHCHIXE, VDDQFIQBVBBCHEJAR3SKHCHIXE",,,,poly,/Users/m/Downloads/vector-data/merge/poly.geojson|layername=poly
Center City Philadelphia,"Philadelphia, Philadelphia County, Pennsylvania, United States of America",city,"CL6AXN2UIJGODCAV2TZFQ4V2TM, CL6AXN2UIJGODCAV2TZFQ4V2TM",,,,poly,/Users/m/Downloads/vector-data/merge/poly.geojson|layername=poly
Atlantic County,"Atlantic County, New Jersey, United States",administrative,"FLQFQWFO6FCENISFYHRFGKAOVY, FLQFQWFO6FCENISFYHRFGKAOVY, FLQFQWFO6FCENISFYHRFGKAOVY",,,,poly,/Users/m/Downloads/vector-data/merge/poly.geojson|layername=poly
Camden ' s,"Camden, Camden County, New Jersey, United States of America",city,"4M3KEKHSLBHIJIOJKJU2G7Y3FE, 4M3KEKHSLBHIJIOJKJU2G7Y3FE",,,,poly,/Users/m/Downloads/vector-data/merge/poly.geojson|layername=poly
Philadelphia County,"Philadelphia County, Pennsylvania, United States of America",administrative,2JM36EUVAJHGTLD4IECQEWN2EY,"42101",,,poly,/Users/m/Downloads/vector-data/merge/poly.geojson|layername=poly
Philadelphia hospital,"Philadelphia, Philadelphia County, Pennsylvania, United States of America",city,KNUOO6KS6NCBPEOPM77I2VTWZA,"42101",,,poly,/Users/m/Downloads/vector-data/merge/poly.geojson|layername=poly
Philadelphia museum,"Philadelphia, Philadelphia County, Pennsylvania, United States of America",city,S6LYJGKHIFESNCH247QZRFK6EM,"42101",,,poly,/Users/m/Downloads/vector-data/merge/poly.geojson|layername=poly
South Philadelphia ' s,"South Philadelphia, Philadelphia, Philadelphia County, Pennsylvania, United States",administrative,"FXCS56PH2ZGZBIS4VUXC2BXK6E, FXCS56PH2ZGZBIS4VUXC2BXK6E",,,,poly,/Users/m/Downloads/vector-data/merge/poly.geojson|layername=poly
Salem County,"Salem County, New Jersey, United States",administrative,JQQDPWAOQZBEZK2JCBUQK36VLE,"34033",,,poly,/Users/m/Downloads/vector-data/merge/poly.geojson|layername=poly
Voorhees Township,"Voorhees Township, Camden County, New Jersey, United States",administrative,7EUUTBPKHVE5JJBT6I5CKWFQ4I,,,,poly,/Users/m/Downloads/vector-data/merge/poly.geojson|layername=poly
New Jersey Pinelands,"Pinelands National Reserve, Oliver Street, Toms River, Ocean County, New Jersey, 08757, United States",national_park,PQ3RQDDTOJFYPKBPFRWYJ2UASI,,,,poly,/Users/m/Downloads/vector-data/merge/poly.geojson|layername=poly
"Washington , Philadelphia","Philadelphia, Philadelphia County, Pennsylvania, United States of America",city,BRK5YXSWOBFQHJ2QPTR4FV5HSA,,,,poly,/Users/m/Downloads/vector-data/merge/poly.geojson|layername=poly
Winslow Township,"Winslow Township, Camden County, New Jersey, United States",administrative,QUUKGLPQNBA3DP5UKQFNE6BXBU,,,,poly,/Users/m/Downloads/vector-data/merge/poly.geojson|layername=poly
Delaware County,"Delaware County, Pennsylvania, United States of America",administrative,"4G4MLQDJKRD6ZECY4HN6I6RV6U, 4G4MLQDJKRD6ZECY4HN6I6RV6U, 4G4MLQDJKRD6ZECY4HN6I6RV6U, 4G4MLQDJKRD6ZECY4HN6I6RV6U, 4G4MLQDJKRD6ZECY4HN6I6RV6U, 4G4MLQDJKRD6ZECY4HN6I6RV6U, 4G4MLQDJKRD6ZECY4HN6I6RV6U, 4G4MLQDJKRD6ZECY4HN6I6RV6U, 4G4MLQDJKRD6ZECY4HN6I6RV6U, 4G4MLQDJKRD6ZECY4HN6I6RV6U, 4G4MLQDJKRD6ZECY4HN6I6RV6U, 4G4MLQDJKRD6ZECY4HN6I6RV6U, 6U, 6U, 6U, 6U, 6U, 6U, 6U, 6U, 6U, 6U, 6U, 6U, 6U, 6U, 6U, 6U, 6U, 6U, 6U, 6U, 6U, 6U, 6U, 6U, 6U, 6U, 6U, 6U, 6U, 6U, 6U, 6U, 6U, 6U, 6U, 6U, 6U, 6U, 6U",,,,poly,/Users/m/Downloads/vector-data/merge/poly.geojson|layername=poly
Chester County,"Chester County, Pennsylvania, United States",administrative,"BC6CPOJM3BHVHBKIPELI7VLIFE, BC6CPOJM3BHVHBKIPELI7VLIFE, BC6CPOJM3BHVHBKIPELI7VLIFE, BC6CPOJM3BHVHBKIPELI7VLIFE, BC6CPOJM3BHVHBKIPELI7VLIFE, BC6CPOJM3BHVHBKIPELI7VLIFE, BC6CPOJM3BHVHBKIPELI7VLIFE, BC6CPOJM3BHVHBKIPELI7VLIFE, BC6CPOJM3BHVHBKIPELI7VLIFE, BC6CPOJM3BHVHBKIPELI7VLIFE, BC6CPOJM3BHVHBKIPELI7VLIFE, BC6CPOJM3BHVHBKIPELI7VLIFE, FE, FE, FE, FE, FE, FE, FE, FE, FE, FE, FE, FE, FE, FE, FE, FE",,,,poly,/Users/m/Downloads/vector-data/merge/poly.geojson|layername=poly
Delaware County ' s,"Delaware County, Pennsylvania, United States of America",administrative,ELVQFG7DAJEM3CMPPTY73JRZ2M,,,,poly,/Users/m/Downloads/vector-data/merge/poly.geojson|layername=poly
"Newark , Delaware","Newark, New Castle County, Delaware, United States",city,5XM7ZIINMNGNZEHPMHKEX7HXIY,,,,poly,/Users/m/Downloads/vector-data/merge/poly.geojson|layername=poly
"Newark , N . J .","Newark, New Castle County, Delaware, United States",city,"FFON5G3S5FC53MEFJH5KT6RRYY, FFON5G3S5FC53MEFJH5KT6RRYY",,,,poly,/Users/m/Downloads/vector-data/merge/poly.geojson|layername=poly
Delaware County hospital,"Delaware County, Pennsylvania, United States of America",administrative,TCMR4PDIUVARBHDKWUXS3MZZOU,,,,poly,/Users/m/Downloads/vector-data/merge/poly.geojson|layername=poly
New Castle County,"New Castle County, Delaware, United States of America",administrative,6ED5FN26BRFMZE4TNX4PVKG2W4,"10003",,,poly,/Users/m/Downloads/vector-data/merge/poly.geojson|layername=poly
Cumberland County,"Cumberland County, New Jersey, United States",administrative,"VGIG4JK5KVBZZAKE7Z7FHN4GMU, VGIG4JK5KVBZZAKE7Z7FHN4GMU, VGIG4JK5KVBZZAKE7Z7FHN4GMU",,,,poly,/Users/m/Downloads/vector-data/merge/poly.geojson|layername=poly
Concord Township,"Concord Township, Delaware County, Pennsylvania, United States",administrative,TOID5DIBYNDF7CLAXHM4MNC5YQ,,,,poly,/Users/m/Downloads/vector-data/merge/poly.geojson|layername=poly
", Blvd , Newark","Newark, New Castle County, Delaware, United States",city,ME3R6GXVWFBQ5M6UKEWIM3PGM4,,,,poly,/Users/m/Downloads/vector-data/merge/poly.geojson|layername=poly
Chester County ',"Chester County, Pennsylvania, United States",administrative,3PFXQZS3RVE7NLEIZ4FUCGVK4M,,,,poly,/Users/m/Downloads/vector-data/merge/poly.geojson|layername=poly
"Newark , N . J","Newark, New Castle County, Delaware, United States",city,"3PMVOEI6R5A3PHDFF67LVYWC2Y, 3PMVOEI6R5A3PHDFF67LVYWC2Y",,,,poly,/Users/m/Downloads/vector-data/merge/poly.geojson|layername=poly
"North Wilmington , Del .","Wilmington, New Castle County, Delaware, United States",city,RS6PWL3HUREMZPASFWDK3T5J34,,,,poly,/Users/m/Downloads/vector-data/merge/poly.geojson|layername=poly
"Newark , Del .","Newark, New Castle County, Delaware, United States",city,RS6PWL3HUREMZPASFWDK3T5J34,,,,poly,/Users/m/Downloads/vector-data/merge/poly.geojson|layername=poly
Montgomery County,"Montgomery County, Pennsylvania, United States",administrative,"UBPB2H6R6RDUHLYHW4ME4TVWIA, UBPB2H6R6RDUHLYHW4ME4TVWIA, UBPB2H6R6RDUHLYHW4ME4TVWIA, UBPB2H6R6RDUHLYHW4ME4TVWIA, UBPB2H6R6RDUHLYHW4ME4TVWIA, UBPB2H6R6RDUHLYHW4ME4TVWIA, UBPB2H6R6RDUHLYHW4ME4TVWIA, UBPB2H6R6RDUHLYHW4ME4TVWIA, UBPB2H6R6RDUHLYHW4ME4TVWIA, UBPB2H6R6RDUHLYHW4ME4TVWIA, UBPB2H6R6RDUHLYHW4ME4TVWIA, UBPB2H6R6RDUHLYHW4ME4TVWIA, IA, IA, IA, IA, IA, IA, IA, IA, IA, IA, IA, IA, IA, IA, IA, IA, IA, IA, IA, IA, IA, IA, IA, IA, IA, IA, IA, IA, IA, IA",,,,poly,/Users/m/Downloads/vector-data/merge/poly.geojson|layername=poly
Montgomery County ' s,"Montgomery County, Pennsylvania, United States",administrative,S5WB3UM7EFF5JIPNRVP4IIAQ5M,"42091",,,poly,/Users/m/Downloads/vector-data/merge/poly.geojson|layername=poly
Cheltenham Township,"Cheltenham Township, Montgomery County, Pennsylvania, United States",administrative,GQN7BVYO45CIDLL2SGOIRNKQ3I,,,,poly,/Users/m/Downloads/vector-data/merge/poly.geojson|layername=poly
Tinicum Township,"Tinicum Township, Delaware County, Pennsylvania, United States of America",administrative,"3PMVOEI6R5A3PHDFF67LVYWC2Y, 3PMVOEI6R5A3PHDFF67LVYWC2Y",,,,poly,/Users/m/Downloads/vector-data/merge/poly.geojson|layername=poly
Darby Township,"Darby Township, Delaware County, Pennsylvania, 19032, United States",administrative,GC4SCU4LGJCWLEPAFVFLHLTT3U,,,,poly,/Users/m/Downloads/vector-data/merge/poly.geojson|layername=poly
Abington Township,"Abington Township, Montgomery County, Pennsylvania, United States",administrative,LP5RYOK5F5AZFIQM4TIWUZTXYQ,,,,poly,/Users/m/Downloads/vector-data/merge/poly.geojson|layername=poly
Bensalem Township,"Bensalem Township, Bucks County, Pennsylvania, United States",administrative,E2QP6HGXHND5NHNJLAZLTG4QEA,,,,poly,/Users/m/Downloads/vector-data/merge/poly.geojson|layername=poly
"Tinicum Township , Delaware County","Tinicum Township, Delaware County, Pennsylvania, United States of America",administrative,3PMVOEI6R5A3PHDFF67LVYWC2Y,,,,poly,/Users/m/Downloads/vector-data/merge/poly.geojson|layername=poly
West Cape,"Cape May County, New Jersey, United States",administrative,GWIZSI44LNB4NNJUQQBGIKWRWE,,,,poly,/Users/m/Downloads/vector-data/merge/poly.geojson|layername=poly
Ocean City,"Ocean City, Cape May County, New Jersey, United States",city,"OT2WYQOIXNEN7KTXR3RBS5RCOI, OT2WYQOIXNEN7KTXR3RBS5RCOI, OT2WYQOIXNEN7KTXR3RBS5RCOI, OT2WYQOIXNEN7KTXR3RBS5RCOI",,,,poly,/Users/m/Downloads/vector-data/merge/poly.geojson|layername=poly
"Ocean City , N . J .","Ocean City, Cape May County, New Jersey, United States",city,AHHLQW4CTJC65CBJTNID7PVMLE,,,,poly,/Users/m/Downloads/vector-data/merge/poly.geojson|layername=poly
Bristol Township,"Bristol Township, Bucks County, Pennsylvania, United States",administrative,S5WB3UM7EFF5JIPNRVP4IIAQ5M,,,,poly,/Users/m/Downloads/vector-data/merge/poly.geojson|layername=poly
Florence Township,"Florence Township, Burlington County, New Jersey, United States",administrative,ZSNSC7NU5VFW7GF4TO2MPJ353E,,,,poly,/Users/m/Downloads/vector-data/merge/poly.geojson|layername=poly
"Bristol Township , Bucks County","Bristol Township, Bucks County, Pennsylvania, United States",administrative,WOWWLCIXZVA33NXY2DEGFAPIMA,,,,poly,/Users/m/Downloads/vector-data/merge/poly.geojson|layername=poly
New Republic,"Port Republic, Atlantic County, New Jersey, United States",city,SQ4TIWRA6RHIPD5OIXXZHONK4U,,,,poly,/Users/m/Downloads/vector-data/merge/poly.geojson|layername=poly
Bucks County township,"Warminster Township, Bucks County, Pennsylvania, 18974, United States",administrative,E2QP6HGXHND5NHNJLAZLTG4QEA,,,,poly,/Users/m/Downloads/vector-data/merge/poly.geojson|layername=poly
Coventry Township,"East Coventry Township, Chester County, Pennsylvania, 19457, United States",administrative,FNWZAUDR4NCOTBQHPQYVHJBBLY,,,,poly,/Users/m/Downloads/vector-data/merge/poly.geojson|layername=poly
"East Pikeland Township , Chester County","East Pikeland Township, Chester County, Pennsylvania, United States of America",administrative,ASRHLRU3WZC3DPXAEGRCRX3OBQ,,,,poly,/Users/m/Downloads/vector-data/merge/poly.geojson|layername=poly
West Lehigh,"Lehigh County, Pennsylvania, United States",administrative,"LNSKFBG3ZBAUXNAALYJHRXVTEA, LNSKFBG3ZBAUXNAALYJHRXVTEA",,,,poly,/Users/m/Downloads/vector-data/merge/poly.geojson|layername=poly
Lehigh County,"Lehigh County, Pennsylvania, United States",administrative,"3BWGERZZJRERXDB7W4SVUVQECY, 3BWGERZZJRERXDB7W4SVUVQECY",,,,poly,/Users/m/Downloads/vector-data/merge/poly.geojson|layername=poly
Warwick Township,"Warwick Township, Chester County, Pennsylvania, 19470, United States",administrative,X5GPNH67TNBXVITEAXHZGIXRJI,,,,poly,/Users/m/Downloads/vector-data/merge/poly.geojson|layername=poly
Chester in Delaware County,"Chester, Delaware County, Pennsylvania, 19013, United States",city,7UZ7FDZQYFDBNAS6N3ZYT5ZUTU,,,,poly,/Users/m/Downloads/vector-data/merge/poly.geojson|layername=poly
Westtown Township,"Westtown Township, Chester County, Pennsylvania, United States",administrative,RO553FWWCZADDCUOS57H53D4V4,,,,poly,/Users/m/Downloads/vector-data/merge/poly.geojson|layername=poly
Radnor Township,"Radnor Township, Delaware County, Pennsylvania, United States",administrative,"N54WRXUOCZFYXCYWWHVQ5UE2KE, N54WRXUOCZFYXCYWWHVQ5UE2KE, N54WRXUOCZFYXCYWWHVQ5UE2KE, N54WRXUOCZFYXCYWWHVQ5UE2KE",,,,poly,/Users/m/Downloads/vector-data/merge/poly.geojson|layername=poly
Tredyffrin Township,"Tredyffrin Township, Chester County, Pennsylvania, United States",administrative,7JQHBYOZOFFWPDTQAUDI5ET6ZU,,,,poly,/Users/m/Downloads/vector-data/merge/poly.geojson|layername=poly
Solebury Township,"Solebury Township, Bucks County, Pennsylvania, United States",administrative,ORZDGA6PI5FKTH7XSH6UDOJ75M,,,,poly,/Users/m/Downloads/vector-data/merge/poly.geojson|layername=poly
Hunterdon County,"Hunterdon County, New Jersey, United States",administrative,"KO45ANHKCFFVTDYCTY2QPFB6OA, KO45ANHKCFFVTDYCTY2QPFB6OA",,,,poly,/Users/m/Downloads/vector-data/merge/poly.geojson|layername=poly
Northampton,"Northampton County, Pennsylvania, United States of America",administrative,"BC6CPOJM3BHVHBKIPELI7VLIFE, BC6CPOJM3BHVHBKIPELI7VLIFE, BC6CPOJM3BHVHBKIPELI7VLIFE",,,,poly,/Users/m/Downloads/vector-data/merge/poly.geojson|layername=poly
"Lambertville , N . J .","Lambertville, Hunterdon County, New Jersey, 08530:18938, United States",city,MF6KUROZ2BHTZG4FFM2XVV44BE,,,,poly,/Users/m/Downloads/vector-data/merge/poly.geojson|layername=poly
TRENTON,"Trenton, Mercer County, New Jersey, United States",city,"4M3KEKHSLBHIJIOJKJU2G7Y3FE, 4M3KEKHSLBHIJIOJKJU2G7Y3FE",,,,poly,/Users/m/Downloads/vector-data/merge/poly.geojson|layername=poly
Somerset County,"Somerset County, New Jersey, United States",administrative,HSPQ3OPTAFG6JE3BKSYEKUSROM,,,,poly,/Users/m/Downloads/vector-data/merge/poly.geojson|layername=poly
Middlesex County,"Middlesex County, New Jersey, United States of America",administrative,"NGA2YYG7PFCJ5B2MWIMVHJTGD4, NGA2YYG7PFCJ5B2MWIMVHJTGD4",,,,poly,/Users/m/Downloads/vector-data/merge/poly.geojson|layername=poly
